|YEAR|	|MONTH|	|NUMBER OF HURRICANES|
1851,     Jan,     0
1851,     Feb,     0
1851,     Mar,     0
1851,     Apr,     0
1851,     May,     0
1851,     Jun,     1
1851,     Jul,     1
1851,     Aug,     1
1851,     Sep,     0
1851,     Oct,     0
1851,     Nov,     0
1851,     Dec,     0
1852,     Jan,     0
1852,     Feb,     0
1852,     Mar,     0
1852,     Apr,     0
1852,     May,     0
1852,     Jun,     0
1852,     Jul,     0
1852,     Aug,     1
1852,     Sep,     3
1852,     Oct,     1
1852,     Nov,     0
1852,     Dec,     0
1853,     Jan,     0
1853,     Feb,     0
1853,     Mar,     0
1853,     Apr,     0
1853,     May,     0
1853,     Jun,     0
1853,     Jul,     0
1853,     Aug,     1
1853,     Sep,     2
1853,     Oct,     1
1853,     Nov,     0
1853,     Dec,     0
1854,     Jan,     0
1854,     Feb,     0
1854,     Mar,     0
1854,     Apr,     0
1854,     May,     0
1854,     Jun,     1
1854,     Jul,     0
1854,     Aug,     0
1854,     Sep,     2
1854,     Oct,     0
1854,     Nov,     0
1854,     Dec,     0
1855,     Jan,     0
1855,     Feb,     0
1855,     Mar,     0
1855,     Apr,     0
1855,     May,     0
1855,     Jun,     0
1855,     Jul,     0
1855,     Aug,     2
1855,     Sep,     1
1855,     Oct,     0
1855,     Nov,     0
1855,     Dec,     0
1856,     Jan,     0
1856,     Feb,     0
1856,     Mar,     0
1856,     Apr,     0
1856,     May,     0
1856,     Jun,     0
1856,     Jul,     0
1856,     Aug,     2
1856,     Sep,     1
1856,     Oct,     0
1856,     Nov,     0
1856,     Dec,     0
1857,     Jan,     0
1857,     Feb,     0
1857,     Mar,     0
1857,     Apr,     0
1857,     May,     0
1857,     Jun,     0
1857,     Jul,     0
1857,     Aug,     0
1857,     Sep,     2
1857,     Oct,     0
1857,     Nov,     0
1857,     Dec,     0
1858,     Jan,     0
1858,     Feb,     0
1858,     Mar,     0
1858,     Apr,     0
1858,     May,     0
1858,     Jun,     1
1858,     Jul,     0
1858,     Aug,     1
1858,     Sep,     3
1858,     Oct,     1
1858,     Nov,     0
1858,     Dec,     0
1859,     Jan,     0
1859,     Feb,     0
1859,     Mar,     0
1859,     Apr,     0
1859,     May,     0
1859,     Jun,     0
1859,     Jul,     1
1859,     Aug,     1
1859,     Sep,     3
1859,     Oct,     2
1859,     Nov,     0
1859,     Dec,     0
1860,     Jan,     0
1860,     Feb,     0
1860,     Mar,     0
1860,     Apr,     0
1860,     May,     0
1860,     Jun,     0
1860,     Jul,     0
1860,     Aug,     1
1860,     Sep,     3
1860,     Oct,     1
1860,     Nov,     0
1860,     Dec,     0
1861,     Jan,     0
1861,     Feb,     0
1861,     Mar,     0
1861,     Apr,     0
1861,     May,     0
1861,     Jun,     0
1861,     Jul,     1
1861,     Aug,     2
1861,     Sep,     2
1861,     Oct,     0
1861,     Nov,     1
1861,     Dec,     0
1862,     Jan,     0
1862,     Feb,     0
1862,     Mar,     0
1862,     Apr,     0
1862,     May,     0
1862,     Jun,     0
1862,     Jul,     0
1862,     Aug,     1
1862,     Sep,     1
1862,     Oct,     1
1862,     Nov,     0
1862,     Dec,     0
1863,     Jan,     0
1863,     Feb,     0
1863,     Mar,     0
1863,     Apr,     0
1863,     May,     0
1863,     Jun,     0
1863,     Jul,     0
1863,     Aug,     3
1863,     Sep,     1
1863,     Oct,     0
1863,     Nov,     0
1863,     Dec,     0
1864,     Jan,     0
1864,     Feb,     0
1864,     Mar,     0
1864,     Apr,     0
1864,     May,     0
1864,     Jun,     0
1864,     Jul,     1
1864,     Aug,     1
1864,     Sep,     0
1864,     Oct,     1
1864,     Nov,     0
1864,     Dec,     0
1865,     Jan,     0
1865,     Feb,     0
1865,     Mar,     0
1865,     Apr,     0
1865,     May,     0
1865,     Jun,     0
1865,     Jul,     0
1865,     Aug,     0
1865,     Sep,     1
1865,     Oct,     1
1865,     Nov,     0
1865,     Dec,     0
1866,     Jan,     0
1866,     Feb,     0
1866,     Mar,     0
1866,     Apr,     0
1866,     May,     0
1866,     Jun,     0
1866,     Jul,     1
1866,     Aug,     1
1866,     Sep,     4
1866,     Oct,     0
1866,     Nov,     0
1866,     Dec,     0
1867,     Jan,     0
1867,     Feb,     0
1867,     Mar,     0
1867,     Apr,     0
1867,     May,     0
1867,     Jun,     1
1867,     Jul,     1
1867,     Aug,     2
1867,     Sep,     1
1867,     Oct,     2
1867,     Nov,     0
1867,     Dec,     0
1868,     Jan,     0
1868,     Feb,     0
1868,     Mar,     0
1868,     Apr,     0
1868,     May,     0
1868,     Jun,     0
1868,     Jul,     0
1868,     Aug,     0
1868,     Sep,     1
1868,     Oct,     2
1868,     Nov,     0
1868,     Dec,     0
1869,     Jan,     0
1869,     Feb,     0
1869,     Mar,     0
1869,     Apr,     0
1869,     May,     0
1869,     Jun,     0
1869,     Jul,     0
1869,     Aug,     2
1869,     Sep,     3
1869,     Oct,     1
1869,     Nov,     0
1869,     Dec,     0
1870,     Jan,     0
1870,     Feb,     0
1870,     Mar,     0
1870,     Apr,     0
1870,     May,     0
1870,     Jun,     0
1870,     Jul,     1
1870,     Aug,     1
1870,     Sep,     2
1870,     Oct,     6
1870,     Nov,     0
1870,     Dec,     0
1871,     Jan,     0
1871,     Feb,     0
1871,     Mar,     0
1871,     Apr,     0
1871,     May,     0
1871,     Jun,     0
1871,     Jul,     0
1871,     Aug,     2
1871,     Sep,     2
1871,     Oct,     1
1871,     Nov,     0
1871,     Dec,     0
1872,     Jan,     0
1872,     Feb,     0
1872,     Mar,     0
1872,     Apr,     0
1872,     May,     0
1872,     Jun,     0
1872,     Jul,     0
1872,     Aug,     1
1872,     Sep,     2
1872,     Oct,     1
1872,     Nov,     0
1872,     Dec,     0
1873,     Jan,     0
1873,     Feb,     0
1873,     Mar,     0
1873,     Apr,     0
1873,     May,     0
1873,     Jun,     0
1873,     Jul,     0
1873,     Aug,     1
1873,     Sep,     2
1873,     Oct,     0
1873,     Nov,     0
1873,     Dec,     0
1874,     Jan,     0
1874,     Feb,     0
1874,     Mar,     0
1874,     Apr,     0
1874,     May,     0
1874,     Jun,     0
1874,     Jul,     0
1874,     Aug,     1
1874,     Sep,     1
1874,     Oct,     1
1874,     Nov,     0
1874,     Dec,     0
1875,     Jan,     0
1875,     Feb,     0
1875,     Mar,     0
1875,     Apr,     0
1875,     May,     0
1875,     Jun,     0
1875,     Jul,     0
1875,     Aug,     1
1875,     Sep,     2
1875,     Oct,     2
1875,     Nov,     0
1875,     Dec,     0
1876,     Jan,     0
1876,     Feb,     0
1876,     Mar,     0
1876,     Apr,     0
1876,     May,     0
1876,     Jun,     0
1876,     Jul,     0
1876,     Aug,     0
1876,     Sep,     2
1876,     Oct,     1
1876,     Nov,     0
1876,     Dec,     0
1877,     Jan,     0
1877,     Feb,     0
1877,     Mar,     0
1877,     Apr,     0
1877,     May,     0
1877,     Jun,     0
1877,     Jul,     0
1877,     Aug,     0
1877,     Sep,     2
1877,     Oct,     0
1877,     Nov,     0
1877,     Dec,     0
1878,     Jan,     0
1878,     Feb,     0
1878,     Mar,     0
1878,     Apr,     0
1878,     May,     0
1878,     Jun,     0
1878,     Jul,     0
1878,     Aug,     2
1878,     Sep,     3
1878,     Oct,     4
1878,     Nov,     0
1878,     Dec,     0
1879,     Jan,     0
1879,     Feb,     0
1879,     Mar,     0
1879,     Apr,     0
1879,     May,     0
1879,     Jun,     0
1879,     Jul,     0
1879,     Aug,     3
1879,     Sep,     0
1879,     Oct,     1
1879,     Nov,     1
1879,     Dec,     0
1880,     Jan,     0
1880,     Feb,     0
1880,     Mar,     0
1880,     Apr,     0
1880,     May,     0
1880,     Jun,     0
1880,     Jul,     0
1880,     Aug,     3
1880,     Sep,     3
1880,     Oct,     2
1880,     Nov,     0
1880,     Dec,     0
1881,     Jan,     0
1881,     Feb,     0
1881,     Mar,     0
1881,     Apr,     0
1881,     May,     0
1881,     Jun,     0
1881,     Jul,     0
1881,     Aug,     2
1881,     Sep,     1
1881,     Oct,     0
1881,     Nov,     0
1881,     Dec,     0
1882,     Jan,     0
1882,     Feb,     0
1882,     Mar,     0
1882,     Apr,     0
1882,     May,     0
1882,     Jun,     0
1882,     Jul,     0
1882,     Aug,     1
1882,     Sep,     2
1882,     Oct,     1
1882,     Nov,     0
1882,     Dec,     0
1883,     Jan,     0
1883,     Feb,     0
1883,     Mar,     0
1883,     Apr,     0
1883,     May,     0
1883,     Jun,     0
1883,     Jul,     0
1883,     Aug,     1
1883,     Sep,     1
1883,     Oct,     0
1883,     Nov,     0
1883,     Dec,     0
1884,     Jan,     0
1884,     Feb,     0
1884,     Mar,     0
1884,     Apr,     0
1884,     May,     0
1884,     Jun,     0
1884,     Jul,     0
1884,     Aug,     0
1884,     Sep,     2
1884,     Oct,     1
1884,     Nov,     0
1884,     Dec,     0
1885,     Jan,     0
1885,     Feb,     0
1885,     Mar,     0
1885,     Apr,     0
1885,     May,     0
1885,     Jun,     0
1885,     Jul,     0
1885,     Aug,     1
1885,     Sep,     4
1885,     Oct,     0
1885,     Nov,     0
1885,     Dec,     0
1886,     Jan,     0
1886,     Feb,     0
1886,     Mar,     0
1886,     Apr,     0
1886,     May,     0
1886,     Jun,     2
1886,     Jul,     1
1886,     Aug,     3
1886,     Sep,     2
1886,     Oct,     1
1886,     Nov,     0
1886,     Dec,     0
1887,     Jan,     0
1887,     Feb,     0
1887,     Mar,     0
1887,     Apr,     0
1887,     May,     0
1887,     Jun,     0
1887,     Jul,     1
1887,     Aug,     2
1887,     Sep,     3
1887,     Oct,     3
1887,     Nov,     1
1887,     Dec,     1
1888,     Jan,     0
1888,     Feb,     0
1888,     Mar,     0
1888,     Apr,     0
1888,     May,     0
1888,     Jun,     1
1888,     Jul,     0
1888,     Aug,     2
1888,     Sep,     1
1888,     Oct,     1
1888,     Nov,     1
1888,     Dec,     0
1889,     Jan,     0
1889,     Feb,     0
1889,     Mar,     0
1889,     Apr,     0
1889,     May,     1
1889,     Jun,     1
1889,     Jul,     0
1889,     Aug,     1
1889,     Sep,     3
1889,     Oct,     0
1889,     Nov,     0
1889,     Dec,     0
1890,     Jan,     0
1890,     Feb,     0
1890,     Mar,     0
1890,     Apr,     0
1890,     May,     0
1890,     Jun,     0
1890,     Jul,     0
1890,     Aug,     1
1890,     Sep,     0
1890,     Oct,     1
1890,     Nov,     0
1890,     Dec,     0
1891,     Jan,     0
1891,     Feb,     0
1891,     Mar,     0
1891,     Apr,     0
1891,     May,     0
1891,     Jun,     0
1891,     Jul,     1
1891,     Aug,     2
1891,     Sep,     3
1891,     Oct,     1
1891,     Nov,     0
1891,     Dec,     0
1892,     Jan,     0
1892,     Feb,     0
1892,     Mar,     0
1892,     Apr,     0
1892,     May,     0
1892,     Jun,     0
1892,     Jul,     0
1892,     Aug,     1
1892,     Sep,     2
1892,     Oct,     2
1892,     Nov,     0
1892,     Dec,     0
1893,     Jan,     0
1893,     Feb,     0
1893,     Mar,     0
1893,     Apr,     0
1893,     May,     0
1893,     Jun,     1
1893,     Jul,     1
1893,     Aug,     5
1893,     Sep,     3
1893,     Oct,     0
1893,     Nov,     0
1893,     Dec,     0
1894,     Jan,     0
1894,     Feb,     0
1894,     Mar,     0
1894,     Apr,     0
1894,     May,     0
1894,     Jun,     0
1894,     Jul,     0
1894,     Aug,     1
1894,     Sep,     1
1894,     Oct,     3
1894,     Nov,     0
1894,     Dec,     0
1895,     Jan,     0
1895,     Feb,     0
1895,     Mar,     0
1895,     Apr,     0
1895,     May,     0
1895,     Jun,     0
1895,     Jul,     0
1895,     Aug,     1
1895,     Sep,     0
1895,     Oct,     1
1895,     Nov,     0
1895,     Dec,     0
1896,     Jan,     0
1896,     Feb,     0
1896,     Mar,     0
1896,     Apr,     0
1896,     May,     0
1896,     Jun,     0
1896,     Jul,     1
1896,     Aug,     1
1896,     Sep,     2
1896,     Oct,     2
1896,     Nov,     0
1896,     Dec,     0
1897,     Jan,     0
1897,     Feb,     0
1897,     Mar,     0
1897,     Apr,     0
1897,     May,     0
1897,     Jun,     0
1897,     Jul,     0
1897,     Aug,     1
1897,     Sep,     1
1897,     Oct,     1
1897,     Nov,     0
1897,     Dec,     0
1898,     Jan,     0
1898,     Feb,     0
1898,     Mar,     0
1898,     Apr,     0
1898,     May,     0
1898,     Jun,     0
1898,     Jul,     0
1898,     Aug,     1
1898,     Sep,     3
1898,     Oct,     0
1898,     Nov,     0
1898,     Dec,     0
1899,     Jan,     0
1899,     Feb,     0
1899,     Mar,     0
1899,     Apr,     0
1899,     May,     0
1899,     Jun,     0
1899,     Jul,     1
1899,     Aug,     2
1899,     Sep,     1
1899,     Oct,     1
1899,     Nov,     0
1899,     Dec,     0
1900,     Jan,     0
1900,     Feb,     0
1900,     Mar,     0
1900,     Apr,     0
1900,     May,     0
1900,     Jun,     0
1900,     Jul,     0
1900,     Aug,     1
1900,     Sep,     2
1900,     Oct,     0
1900,     Nov,     0
1900,     Dec,     0
1901,     Jan,     0
1901,     Feb,     0
1901,     Mar,     0
1901,     Apr,     0
1901,     May,     0
1901,     Jun,     0
1901,     Jul,     1
1901,     Aug,     3
1901,     Sep,     1
1901,     Oct,     1
1901,     Nov,     0
1901,     Dec,     0
1902,     Jan,     0
1902,     Feb,     0
1902,     Mar,     0
1902,     Apr,     0
1902,     May,     0
1902,     Jun,     1
1902,     Jul,     0
1902,     Aug,     0
1902,     Sep,     1
1902,     Oct,     1
1902,     Nov,     0
1902,     Dec,     0
1903,     Jan,     0
1903,     Feb,     0
1903,     Mar,     0
1903,     Apr,     0
1903,     May,     0
1903,     Jun,     0
1903,     Jul,     1
1903,     Aug,     1
1903,     Sep,     3
1903,     Oct,     1
1903,     Nov,     1
1903,     Dec,     0
1904,     Jan,     0
1904,     Feb,     0
1904,     Mar,     0
1904,     Apr,     0
1904,     May,     0
1904,     Jun,     1
1904,     Jul,     0
1904,     Aug,     0
1904,     Sep,     2
1904,     Oct,     1
1904,     Nov,     0
1904,     Dec,     0
1905,     Jan,     0
1905,     Feb,     0
1905,     Mar,     0
1905,     Apr,     0
1905,     May,     0
1905,     Jun,     0
1905,     Jul,     0
1905,     Aug,     0
1905,     Sep,     0
1905,     Oct,     1
1905,     Nov,     0
1905,     Dec,     0
1906,     Jan,     0
1906,     Feb,     0
1906,     Mar,     0
1906,     Apr,     0
1906,     May,     0
1906,     Jun,     1
1906,     Jul,     0
1906,     Aug,     1
1906,     Sep,     2
1906,     Oct,     1
1906,     Nov,     1
1906,     Dec,     0
1908,     Jan,     0
1908,     Feb,     0
1908,     Mar,     1
1908,     Apr,     0
1908,     May,     1
1908,     Jun,     0
1908,     Jul,     1
1908,     Aug,     0
1908,     Sep,     2
1908,     Oct,     1
1908,     Nov,     0
1908,     Dec,     0
1909,     Jan,     0
1909,     Feb,     0
1909,     Mar,     0
1909,     Apr,     0
1909,     May,     0
1909,     Jun,     1
1909,     Jul,     1
1909,     Aug,     1
1909,     Sep,     1
1909,     Oct,     1
1909,     Nov,     1
1909,     Dec,     0
1910,     Jan,     0
1910,     Feb,     0
1910,     Mar,     0
1910,     Apr,     0
1910,     May,     0
1910,     Jun,     0
1910,     Jul,     0
1910,     Aug,     0
1910,     Sep,     1
1910,     Oct,     1
1910,     Nov,     0
1910,     Dec,     0
1911,     Jan,     0
1911,     Feb,     0
1911,     Mar,     0
1911,     Apr,     0
1911,     May,     0
1911,     Jun,     0
1911,     Jul,     0
1911,     Aug,     1
1911,     Sep,     1
1911,     Oct,     0
1911,     Nov,     0
1911,     Dec,     0
1912,     Jan,     0
1912,     Feb,     0
1912,     Mar,     0
1912,     Apr,     0
1912,     May,     0
1912,     Jun,     0
1912,     Jul,     0
1912,     Aug,     0
1912,     Sep,     1
1912,     Oct,     2
1912,     Nov,     1
1912,     Dec,     0
1913,     Jan,     0
1913,     Feb,     0
1913,     Mar,     0
1913,     Apr,     0
1913,     May,     0
1913,     Jun,     1
1913,     Jul,     0
1913,     Aug,     1
1913,     Sep,     0
1913,     Oct,     2
1913,     Nov,     0
1913,     Dec,     0
1915,     Jan,     0
1915,     Feb,     0
1915,     Mar,     0
1915,     Apr,     0
1915,     May,     0
1915,     Jun,     0
1915,     Jul,     1
1915,     Aug,     3
1915,     Sep,     1
1915,     Oct,     0
1915,     Nov,     0
1915,     Dec,     0
1916,     Jan,     0
1916,     Feb,     0
1916,     Mar,     0
1916,     Apr,     0
1916,     May,     0
1916,     Jun,     1
1916,     Jul,     2
1916,     Aug,     3
1916,     Sep,     2
1916,     Oct,     2
1916,     Nov,     0
1916,     Dec,     0
1917,     Jan,     0
1917,     Feb,     0
1917,     Mar,     0
1917,     Apr,     0
1917,     May,     0
1917,     Jun,     0
1917,     Jul,     0
1917,     Aug,     1
1917,     Sep,     1
1917,     Oct,     0
1917,     Nov,     0
1917,     Dec,     0
1918,     Jan,     0
1918,     Feb,     0
1918,     Mar,     0
1918,     Apr,     0
1918,     May,     0
1918,     Jun,     0
1918,     Jul,     0
1918,     Aug,     2
1918,     Sep,     1
1918,     Oct,     0
1918,     Nov,     0
1918,     Dec,     0
1919,     Jan,     0
1919,     Feb,     0
1919,     Mar,     0
1919,     Apr,     0
1919,     May,     0
1919,     Jun,     0
1919,     Jul,     0
1919,     Aug,     0
1919,     Sep,     1
1919,     Oct,     0
1919,     Nov,     0
1919,     Dec,     0
1920,     Jan,     0
1920,     Feb,     0
1920,     Mar,     0
1920,     Apr,     0
1920,     May,     0
1920,     Jun,     0
1920,     Jul,     0
1920,     Aug,     0
1920,     Sep,     3
1920,     Oct,     0
1920,     Nov,     0
1920,     Dec,     0
1921,     Jan,     0
1921,     Feb,     0
1921,     Mar,     0
1921,     Apr,     0
1921,     May,     0
1921,     Jun,     1
1921,     Jul,     0
1921,     Aug,     0
1921,     Sep,     3
1921,     Oct,     1
1921,     Nov,     0
1921,     Dec,     0
1922,     Jan,     0
1922,     Feb,     0
1922,     Mar,     0
1922,     Apr,     0
1922,     May,     0
1922,     Jun,     0
1922,     Jul,     0
1922,     Aug,     0
1922,     Sep,     1
1922,     Oct,     1
1922,     Nov,     0
1922,     Dec,     0
1923,     Jan,     0
1923,     Feb,     0
1923,     Mar,     0
1923,     Apr,     0
1923,     May,     0
1923,     Jun,     0
1923,     Jul,     0
1923,     Aug,     0
1923,     Sep,     2
1923,     Oct,     1
1923,     Nov,     0
1923,     Dec,     0
1924,     Jan,     0
1924,     Feb,     0
1924,     Mar,     0
1924,     Apr,     0
1924,     May,     0
1924,     Jun,     0
1924,     Jul,     0
1924,     Aug,     1
1924,     Sep,     1
1924,     Oct,     1
1924,     Nov,     1
1924,     Dec,     0
1925,     Jan,     0
1925,     Feb,     0
1925,     Mar,     0
1925,     Apr,     0
1925,     May,     0
1925,     Jun,     0
1925,     Jul,     0
1925,     Aug,     1
1925,     Sep,     0
1925,     Oct,     0
1925,     Nov,     0
1925,     Dec,     0
1926,     Jan,     0
1926,     Feb,     0
1926,     Mar,     0
1926,     Apr,     0
1926,     May,     0
1926,     Jun,     0
1926,     Jul,     1
1926,     Aug,     1
1926,     Sep,     4
1926,     Oct,     1
1926,     Nov,     0
1926,     Dec,     0
1927,     Jan,     0
1927,     Feb,     0
1927,     Mar,     0
1927,     Apr,     0
1927,     May,     0
1927,     Jun,     0
1927,     Jul,     0
1927,     Aug,     1
1927,     Sep,     3
1927,     Oct,     0
1927,     Nov,     0
1927,     Dec,     0
1928,     Jan,     0
1928,     Feb,     0
1928,     Mar,     0
1928,     Apr,     0
1928,     May,     0
1928,     Jun,     0
1928,     Jul,     0
1928,     Aug,     1
1928,     Sep,     1
1928,     Oct,     1
1928,     Nov,     0
1928,     Dec,     0
1929,     Jan,     0
1929,     Feb,     0
1929,     Mar,     0
1929,     Apr,     0
1929,     May,     0
1929,     Jun,     1
1929,     Jul,     0
1929,     Aug,     0
1929,     Sep,     1
1929,     Oct,     1
1929,     Nov,     0
1929,     Dec,     0
1930,     Jan,     0
1930,     Feb,     0
1930,     Mar,     0
1930,     Apr,     0
1930,     May,     0
1930,     Jun,     0
1930,     Jul,     0
1930,     Aug,     1
1930,     Sep,     0
1930,     Oct,     0
1930,     Nov,     0
1930,     Dec,     0
1931,     Jan,     0
1931,     Feb,     0
1931,     Mar,     0
1931,     Apr,     0
1931,     May,     0
1931,     Jun,     0
1931,     Jul,     0
1931,     Aug,     0
1931,     Sep,     2
1931,     Oct,     0
1931,     Nov,     0
1931,     Dec,     0
1932,     Jan,     0
1932,     Feb,     0
1932,     Mar,     0
1932,     Apr,     0
1932,     May,     0
1932,     Jun,     0
1932,     Jul,     0
1932,     Aug,     2
1932,     Sep,     1
1932,     Oct,     1
1932,     Nov,     1
1932,     Dec,     0
1933,     Jan,     0
1933,     Feb,     0
1933,     Mar,     0
1933,     Apr,     0
1933,     May,     0
1933,     Jun,     1
1933,     Jul,     1
1933,     Aug,     3
1933,     Sep,     4
1933,     Oct,     2
1933,     Nov,     0
1933,     Dec,     0
1934,     Jan,     0
1934,     Feb,     0
1934,     Mar,     0
1934,     Apr,     0
1934,     May,     0
1934,     Jun,     1
1934,     Jul,     2
1934,     Aug,     1
1934,     Sep,     1
1934,     Oct,     1
1934,     Nov,     1
1934,     Dec,     0
1935,     Jan,     0
1935,     Feb,     0
1935,     Mar,     0
1935,     Apr,     0
1935,     May,     0
1935,     Jun,     0
1935,     Jul,     0
1935,     Aug,     1
1935,     Sep,     1
1935,     Oct,     2
1935,     Nov,     0
1935,     Dec,     0
1936,     Jan,     0
1936,     Feb,     0
1936,     Mar,     0
1936,     Apr,     0
1936,     May,     0
1936,     Jun,     1
1936,     Jul,     1
1936,     Aug,     3
1936,     Sep,     2
1936,     Oct,     0
1936,     Nov,     0
1936,     Dec,     0
1937,     Jan,     0
1937,     Feb,     0
1937,     Mar,     0
1937,     Apr,     0
1937,     May,     0
1937,     Jun,     0
1937,     Jul,     0
1937,     Aug,     0
1937,     Sep,     2
1937,     Oct,     1
1937,     Nov,     0
1937,     Dec,     0
1938,     Jan,     1
1938,     Feb,     0
1938,     Mar,     0
1938,     Apr,     0
1938,     May,     0
1938,     Jun,     0
1938,     Jul,     0
1938,     Aug,     2
1938,     Sep,     1
1938,     Oct,     0
1938,     Nov,     0
1938,     Dec,     0
1939,     Jan,     0
1939,     Feb,     0
1939,     Mar,     0
1939,     Apr,     0
1939,     May,     0
1939,     Jun,     0
1939,     Jul,     0
1939,     Aug,     1
1939,     Sep,     0
1939,     Oct,     2
1939,     Nov,     0
1939,     Dec,     0
1940,     Jan,     0
1940,     Feb,     0
1940,     Mar,     0
1940,     Apr,     0
1940,     May,     0
1940,     Jun,     0
1940,     Jul,     0
1940,     Aug,     2
1940,     Sep,     2
1940,     Oct,     1
1940,     Nov,     0
1940,     Dec,     0
1941,     Jan,     0
1941,     Feb,     0
1941,     Mar,     0
1941,     Apr,     0
1941,     May,     0
1941,     Jun,     0
1941,     Jul,     0
1941,     Aug,     0
1941,     Sep,     2
1941,     Oct,     1
1941,     Nov,     0
1941,     Dec,     0
1942,     Jan,     0
1942,     Feb,     0
1942,     Mar,     0
1942,     Apr,     0
1942,     May,     0
1942,     Jun,     0
1942,     Jul,     0
1942,     Aug,     2
1942,     Sep,     0
1942,     Oct,     0
1942,     Nov,     1
1942,     Dec,     0
1943,     Jan,     0
1943,     Feb,     0
1943,     Mar,     0
1943,     Apr,     0
1943,     May,     0
1943,     Jun,     0
1943,     Jul,     1
1943,     Aug,     1
1943,     Sep,     2
1943,     Oct,     1
1943,     Nov,     0
1943,     Dec,     0
1944,     Jan,     0
1944,     Feb,     0
1944,     Mar,     0
1944,     Apr,     0
1944,     May,     0
1944,     Jun,     0
1944,     Jul,     1
1944,     Aug,     1
1944,     Sep,     3
1944,     Oct,     2
1944,     Nov,     0
1944,     Dec,     0
1945,     Jan,     0
1945,     Feb,     0
1945,     Mar,     0
1945,     Apr,     0
1945,     May,     0
1945,     Jun,     1
1945,     Jul,     0
1945,     Aug,     1
1945,     Sep,     1
1945,     Oct,     2
1945,     Nov,     0
1945,     Dec,     0
1946,     Jan,     0
1946,     Feb,     0
1946,     Mar,     0
1946,     Apr,     0
1946,     May,     0
1946,     Jun,     0
1946,     Jul,     1
1946,     Aug,     0
1946,     Sep,     1
1946,     Oct,     1
1946,     Nov,     0
1946,     Dec,     0
1947,     Jan,     0
1947,     Feb,     0
1947,     Mar,     0
1947,     Apr,     0
1947,     May,     0
1947,     Jun,     0
1947,     Jul,     0
1947,     Aug,     1
1947,     Sep,     1
1947,     Oct,     2
1947,     Nov,     0
1947,     Dec,     0
1948,     Jan,     0
1948,     Feb,     0
1948,     Mar,     0
1948,     Apr,     0
1948,     May,     0
1948,     Jun,     0
1948,     Jul,     0
1948,     Aug,     1
1948,     Sep,     3
1948,     Oct,     1
1948,     Nov,     1
1948,     Dec,     0
1949,     Jan,     0
1949,     Feb,     0
1949,     Mar,     0
1949,     Apr,     0
1949,     May,     0
1949,     Jun,     0
1949,     Jul,     0
1949,     Aug,     1
1949,     Sep,     4
1949,     Oct,     1
1949,     Nov,     0
1949,     Dec,     0
1950,     Jan,     0
1950,     Feb,     0
1950,     Mar,     0
1950,     Apr,     0
1950,     May,     0
1950,     Jun,     0
1950,     Jul,     0
1950,     Aug,     3
1950,     Sep,     3
1950,     Oct,     4
1950,     Nov,     0
1950,     Dec,     0
1951,     Jan,     0
1951,     Feb,     0
1951,     Mar,     0
1951,     Apr,     0
1951,     May,     1
1951,     Jun,     0
1951,     Jul,     0
1951,     Aug,     2
1951,     Sep,     3
1951,     Oct,     1
1951,     Nov,     0
1951,     Dec,     1
1952,     Jan,     0
1952,     Feb,     0
1952,     Mar,     0
1952,     Apr,     0
1952,     May,     0
1952,     Jun,     0
1952,     Jul,     0
1952,     Aug,     1
1952,     Sep,     1
1952,     Oct,     2
1952,     Nov,     0
1952,     Dec,     0
1953,     Jan,     0
1953,     Feb,     0
1953,     Mar,     0
1953,     Apr,     0
1953,     May,     0
1953,     Jun,     0
1953,     Jul,     0
1953,     Aug,     1
1953,     Sep,     3
1953,     Oct,     2
1953,     Nov,     0
1953,     Dec,     0
1954,     Jan,     0
1954,     Feb,     0
1954,     Mar,     0
1954,     Apr,     0
1954,     May,     0
1954,     Jun,     1
1954,     Jul,     0
1954,     Aug,     2
1954,     Sep,     2
1954,     Oct,     1
1954,     Nov,     0
1954,     Dec,     1
1955,     Jan,     0
1955,     Feb,     0
1955,     Mar,     0
1955,     Apr,     0
1955,     May,     0
1955,     Jun,     0
1955,     Jul,     0
1955,     Aug,     2
1955,     Sep,     5
1955,     Oct,     1
1955,     Nov,     0
1955,     Dec,     0
1956,     Jan,     0
1956,     Feb,     0
1956,     Mar,     0
1956,     Apr,     0
1956,     May,     0
1956,     Jun,     0
1956,     Jul,     1
1956,     Aug,     1
1956,     Sep,     1
1956,     Oct,     1
1956,     Nov,     0
1956,     Dec,     0
1957,     Jan,     0
1957,     Feb,     0
1957,     Mar,     0
1957,     Apr,     0
1957,     May,     0
1957,     Jun,     1
1957,     Jul,     0
1957,     Aug,     0
1957,     Sep,     2
1957,     Oct,     0
1957,     Nov,     0
1957,     Dec,     0
1958,     Jan,     0
1958,     Feb,     0
1958,     Mar,     0
1958,     Apr,     0
1958,     May,     0
1958,     Jun,     0
1958,     Jul,     0
1958,     Aug,     2
1958,     Sep,     3
1958,     Oct,     1
1958,     Nov,     0
1958,     Dec,     0
1959,     Jan,     0
1959,     Feb,     0
1959,     Mar,     0
1959,     Apr,     0
1959,     May,     0
1959,     Jun,     1
1959,     Jul,     2
1959,     Aug,     0
1959,     Sep,     3
1959,     Oct,     1
1959,     Nov,     0
1959,     Dec,     0
1960,     Jan,     0
1960,     Feb,     0
1960,     Mar,     0
1960,     Apr,     0
1960,     May,     0
1960,     Jun,     0
1960,     Jul,     1
1960,     Aug,     2
1960,     Sep,     1
1960,     Oct,     0
1960,     Nov,     0
1960,     Dec,     0
1961,     Jan,     0
1961,     Feb,     0
1961,     Mar,     0
1961,     Apr,     0
1961,     May,     0
1961,     Jun,     0
1961,     Jul,     1
1961,     Aug,     0
1961,     Sep,     5
1961,     Oct,     1
1961,     Nov,     1
1961,     Dec,     0
1962,     Jan,     0
1962,     Feb,     0
1962,     Mar,     0
1962,     Apr,     0
1962,     May,     0
1962,     Jun,     0
1962,     Jul,     0
1962,     Aug,     1
1962,     Sep,     1
1962,     Oct,     1
1962,     Nov,     1
1962,     Dec,     0
1963,     Jan,     0
1963,     Feb,     0
1963,     Mar,     0
1963,     Apr,     0
1963,     May,     0
1963,     Jun,     0
1963,     Jul,     1
1963,     Aug,     1
1963,     Sep,     4
1963,     Oct,     1
1963,     Nov,     0
1963,     Dec,     0
1964,     Jan,     0
1964,     Feb,     0
1964,     Mar,     0
1964,     Apr,     0
1964,     May,     0
1964,     Jun,     0
1964,     Jul,     1
1964,     Aug,     2
1964,     Sep,     3
1964,     Oct,     1
1964,     Nov,     0
1964,     Dec,     0
1965,     Jan,     0
1965,     Feb,     0
1965,     Mar,     0
1965,     Apr,     0
1965,     May,     0
1965,     Jun,     0
1965,     Jul,     0
1965,     Aug,     1
1965,     Sep,     1
1965,     Oct,     1
1965,     Nov,     0
1965,     Dec,     0
1966,     Jan,     0
1966,     Feb,     0
1966,     Mar,     0
1966,     Apr,     0
1966,     May,     0
1966,     Jun,     1
1966,     Jul,     2
1966,     Aug,     1
1966,     Sep,     1
1966,     Oct,     0
1966,     Nov,     1
1966,     Dec,     0
1967,     Jan,     0
1967,     Feb,     0
1967,     Mar,     0
1967,     Apr,     0
1967,     May,     0
1967,     Jun,     0
1967,     Jul,     0
1967,     Aug,     1
1967,     Sep,     3
1967,     Oct,     2
1967,     Nov,     0
1967,     Dec,     0
1968,     Jan,     0
1968,     Feb,     0
1968,     Mar,     0
1968,     Apr,     0
1968,     May,     0
1968,     Jun,     1
1968,     Jul,     0
1968,     Aug,     1
1968,     Sep,     0
1968,     Oct,     1
1968,     Nov,     0
1968,     Dec,     0
1969,     Jan,     0
1969,     Feb,     0
1969,     Mar,     0
1969,     Apr,     0
1969,     May,     0
1969,     Jun,     0
1969,     Jul,     0
1969,     Aug,     3
1969,     Sep,     4
1969,     Oct,     3
1969,     Nov,     1
1969,     Dec,     0
1970,     Jan,     0
1970,     Feb,     0
1970,     Mar,     0
1970,     Apr,     0
1970,     May,     1
1970,     Jun,     0
1970,     Jul,     1
1970,     Aug,     1
1970,     Sep,     2
1970,     Oct,     2
1970,     Nov,     0
1970,     Dec,     0
1971,     Jan,     0
1971,     Feb,     0
1971,     Mar,     0
1971,     Apr,     0
1971,     May,     0
1971,     Jun,     0
1971,     Jul,     0
1971,     Aug,     1
1971,     Sep,     4
1971,     Oct,     0
1971,     Nov,     0
1971,     Dec,     0
1972,     Jan,     0
1972,     Feb,     0
1972,     Mar,     0
1972,     Apr,     0
1972,     May,     0
1972,     Jun,     1
1972,     Jul,     0
1972,     Aug,     1
1972,     Sep,     1
1972,     Oct,     0
1972,     Nov,     0
1972,     Dec,     0
1973,     Jan,     0
1973,     Feb,     0
1973,     Mar,     0
1973,     Apr,     0
1973,     May,     0
1973,     Jun,     0
1973,     Jul,     1
1973,     Aug,     1
1973,     Sep,     1
1973,     Oct,     1
1973,     Nov,     0
1973,     Dec,     0
1974,     Jan,     0
1974,     Feb,     0
1974,     Mar,     0
1974,     Apr,     0
1974,     May,     0
1974,     Jun,     0
1974,     Jul,     0
1974,     Aug,     1
1974,     Sep,     2
1974,     Oct,     0
1974,     Nov,     0
1974,     Dec,     0
1975,     Jan,     0
1975,     Feb,     0
1975,     Mar,     0
1975,     Apr,     0
1975,     May,     0
1975,     Jun,     0
1975,     Jul,     1
1975,     Aug,     2
1975,     Sep,     3
1975,     Oct,     0
1975,     Nov,     0
1975,     Dec,     0
1976,     Jan,     0
1976,     Feb,     0
1976,     Mar,     0
1976,     Apr,     0
1976,     May,     0
1976,     Jun,     0
1976,     Jul,     0
1976,     Aug,     3
1976,     Sep,     1
1976,     Oct,     1
1976,     Nov,     0
1976,     Dec,     0
1977,     Jan,     0
1977,     Feb,     0
1977,     Mar,     0
1977,     Apr,     0
1977,     May,     0
1977,     Jun,     0
1977,     Jul,     0
1977,     Aug,     1
1977,     Sep,     3
1977,     Oct,     1
1977,     Nov,     0
1977,     Dec,     0
1978,     Jan,     0
1978,     Feb,     0
1978,     Mar,     0
1978,     Apr,     0
1978,     May,     0
1978,     Jun,     0
1978,     Jul,     0
1978,     Aug,     1
1978,     Sep,     2
1978,     Oct,     1
1978,     Nov,     0
1978,     Dec,     0
1979,     Jan,     0
1979,     Feb,     0
1979,     Mar,     0
1979,     Apr,     0
1979,     May,     0
1979,     Jun,     0
1979,     Jul,     1
1979,     Aug,     2
1979,     Sep,     2
1979,     Oct,     0
1979,     Nov,     0
1979,     Dec,     0
1980,     Jan,     0
1980,     Feb,     0
1980,     Mar,     0
1980,     Apr,     0
1980,     May,     0
1980,     Jun,     0
1980,     Jul,     1
1980,     Aug,     2
1980,     Sep,     3
1980,     Oct,     1
1980,     Nov,     2
1980,     Dec,     0
1981,     Jan,     0
1981,     Feb,     0
1981,     Mar,     0
1981,     Apr,     0
1981,     May,     0
1981,     Jun,     0
1981,     Jul,     0
1981,     Aug,     1
1981,     Sep,     4
1981,     Oct,     0
1981,     Nov,     1
1981,     Dec,     0
1982,     Jan,     0
1982,     Feb,     0
1982,     Mar,     0
1982,     Apr,     0
1982,     May,     0
1982,     Jun,     1
1982,     Jul,     0
1982,     Aug,     0
1982,     Sep,     1
1982,     Oct,     0
1982,     Nov,     0
1982,     Dec,     0
1983,     Jan,     0
1983,     Feb,     0
1983,     Mar,     0
1983,     Apr,     0
1983,     May,     0
1983,     Jun,     0
1983,     Jul,     0
1983,     Aug,     1
1983,     Sep,     1
1983,     Oct,     0
1983,     Nov,     0
1983,     Dec,     0
1984,     Jan,     0
1984,     Feb,     0
1984,     Mar,     0
1984,     Apr,     0
1984,     May,     0
1984,     Jun,     0
1984,     Jul,     0
1984,     Aug,     0
1984,     Sep,     1
1984,     Oct,     1
1984,     Nov,     1
1984,     Dec,     1
1985,     Jan,     0
1985,     Feb,     0
1985,     Mar,     0
1985,     Apr,     0
1985,     May,     0
1985,     Jun,     0
1985,     Jul,     1
1985,     Aug,     3
1985,     Sep,     1
1985,     Oct,     1
1985,     Nov,     1
1985,     Dec,     0
1986,     Jan,     0
1986,     Feb,     0
1986,     Mar,     0
1986,     Apr,     0
1986,     May,     0
1986,     Jun,     1
1986,     Jul,     0
1986,     Aug,     1
1986,     Sep,     1
1986,     Oct,     0
1986,     Nov,     1
1986,     Dec,     0
1987,     Jan,     0
1987,     Feb,     0
1987,     Mar,     0
1987,     Apr,     0
1987,     May,     0
1987,     Jun,     0
1987,     Jul,     0
1987,     Aug,     1
1987,     Sep,     1
1987,     Oct,     1
1987,     Nov,     0
1987,     Dec,     0
1988,     Jan,     0
1988,     Feb,     0
1988,     Mar,     0
1988,     Apr,     0
1988,     May,     0
1988,     Jun,     0
1988,     Jul,     0
1988,     Aug,     1
1988,     Sep,     3
1988,     Oct,     1
1988,     Nov,     0
1988,     Dec,     0
1989,     Jan,     0
1989,     Feb,     0
1989,     Mar,     0
1989,     Apr,     0
1989,     May,     0
1989,     Jun,     0
1989,     Jul,     1
1989,     Aug,     3
1989,     Sep,     1
1989,     Oct,     1
1989,     Nov,     0
1989,     Dec,     0
1990,     Jan,     0
1990,     Feb,     0
1990,     Mar,     0
1990,     Apr,     0
1990,     May,     0
1990,     Jun,     0
1990,     Jul,     1
1990,     Aug,     2
1990,     Sep,     2
1990,     Oct,     3
1990,     Nov,     0
1990,     Dec,     0
1991,     Jan,     0
1991,     Feb,     0
1991,     Mar,     0
1991,     Apr,     0
1991,     May,     0
1991,     Jun,     0
1991,     Jul,     0
1991,     Aug,     1
1991,     Sep,     1
1991,     Oct,     2
1991,     Nov,     0
1991,     Dec,     0
1992,     Jan,     0
1992,     Feb,     0
1992,     Mar,     0
1992,     Apr,     0
1992,     May,     0
1992,     Jun,     0
1992,     Jul,     0
1992,     Aug,     1
1992,     Sep,     2
1992,     Oct,     1
1992,     Nov,     0
1992,     Dec,     0
1993,     Jan,     0
1993,     Feb,     0
1993,     Mar,     0
1993,     Apr,     0
1993,     May,     0
1993,     Jun,     0
1993,     Jul,     0
1993,     Aug,     1
1993,     Sep,     3
1993,     Oct,     0
1993,     Nov,     0
1993,     Dec,     0
1994,     Jan,     0
1994,     Feb,     0
1994,     Mar,     0
1994,     Apr,     0
1994,     May,     0
1994,     Jun,     0
1994,     Jul,     0
1994,     Aug,     1
1994,     Sep,     0
1994,     Oct,     0
1994,     Nov,     2
1994,     Dec,     0
1995,     Jan,     0
1995,     Feb,     0
1995,     Mar,     0
1995,     Apr,     0
1995,     May,     0
1995,     Jun,     1
1995,     Jul,     1
1995,     Aug,     4
1995,     Sep,     3
1995,     Oct,     2
1995,     Nov,     0
1995,     Dec,     0
1996,     Jan,     0
1996,     Feb,     0
1996,     Mar,     0
1996,     Apr,     0
1996,     May,     0
1996,     Jun,     0
1996,     Jul,     1
1996,     Aug,     3
1996,     Sep,     2
1996,     Oct,     1
1996,     Nov,     1
1996,     Dec,     0
1997,     Jan,     0
1997,     Feb,     0
1997,     Mar,     0
1997,     Apr,     0
1997,     May,     0
1997,     Jun,     0
1997,     Jul,     1
1997,     Aug,     0
1997,     Sep,     1
1997,     Oct,     0
1997,     Nov,     0
1997,     Dec,     0
1998,     Jan,     0
1998,     Feb,     0
1998,     Mar,     0
1998,     Apr,     0
1998,     May,     0
1998,     Jun,     0
1998,     Jul,     0
1998,     Aug,     2
1998,     Sep,     4
1998,     Oct,     2
1998,     Nov,     1
1998,     Dec,     0
1999,     Jan,     0
1999,     Feb,     0
1999,     Mar,     0
1999,     Apr,     0
1999,     May,     0
1999,     Jun,     0
1999,     Jul,     0
1999,     Aug,     2
1999,     Sep,     2
1999,     Oct,     2
1999,     Nov,     1
1999,     Dec,     0
2000,     Jan,     0
2000,     Feb,     0
2000,     Mar,     0
2000,     Apr,     0
2000,     May,     0
2000,     Jun,     0
2000,     Jul,     0
2000,     Aug,     1
2000,     Sep,     5
2000,     Oct,     1
2000,     Nov,     0
2000,     Dec,     0
2001,     Jan,     0
2001,     Feb,     0
2001,     Mar,     0
2001,     Apr,     0
2001,     May,     0
2001,     Jun,     0
2001,     Jul,     0
2001,     Aug,     0
2001,     Sep,     3
2001,     Oct,     3
2001,     Nov,     2
2001,     Dec,     0
2002,     Jan,     0
2002,     Feb,     0
2002,     Mar,     0
2002,     Apr,     0
2002,     May,     0
2002,     Jun,     0
2002,     Jul,     0
2002,     Aug,     0
2002,     Sep,     3
2002,     Oct,     0
2002,     Nov,     0
2002,     Dec,     0
2003,     Jan,     0
2003,     Feb,     0
2003,     Mar,     0
2003,     Apr,     0
2003,     May,     0
2003,     Jun,     0
2003,     Jul,     1
2003,     Aug,     2
2003,     Sep,     3
2003,     Oct,     0
2003,     Nov,     0
2003,     Dec,     0
2004,     Jan,     0
2004,     Feb,     0
2004,     Mar,     0
2004,     Apr,     0
2004,     May,     0
2004,     Jun,     0
2004,     Jul,     1
2004,     Aug,     4
2004,     Sep,     4
2004,     Oct,     0
2004,     Nov,     0
2004,     Dec,     0
2005,     Jan,     0
2005,     Feb,     0
2005,     Mar,     0
2005,     Apr,     0
2005,     May,     0
2005,     Jun,     0
2005,     Jul,     2
2005,     Aug,     2
2005,     Sep,     5
2005,     Oct,     4
2005,     Nov,     1
2005,     Dec,     0
2006,     Jan,     0
2006,     Feb,     0
2006,     Mar,     0
2006,     Apr,     0
2006,     May,     0
2006,     Jun,     0
2006,     Jul,     0
2006,     Aug,     1
2006,     Sep,     4
2006,     Oct,     0
2006,     Nov,     0
2006,     Dec,     0
2007,     Jan,     0
2007,     Feb,     0
2007,     Mar,     0
2007,     Apr,     0
2007,     May,     0
2007,     Jun,     0
2007,     Jul,     0
2007,     Aug,     1
2007,     Sep,     3
2007,     Oct,     1
2007,     Nov,     0
2007,     Dec,     0
2008,     Jan,     0
2008,     Feb,     0
2008,     Mar,     0
2008,     Apr,     0
2008,     May,     0
2008,     Jun,     0
2008,     Jul,     1
2008,     Aug,     2
2008,     Sep,     2
2008,     Oct,     1
2008,     Nov,     1
2008,     Dec,     0
2009,     Jan,     0
2009,     Feb,     0
2009,     Mar,     0
2009,     Apr,     0
2009,     May,     0
2009,     Jun,     0
2009,     Jul,     0
2009,     Aug,     1
2009,     Sep,     1
2009,     Oct,     0
2009,     Nov,     1
2009,     Dec,     0
2010,     Jan,     0
2010,     Feb,     0
2010,     Mar,     0
2010,     Apr,     0
2010,     May,     0
2010,     Jun,     1
2010,     Jul,     0
2010,     Aug,     2
2010,     Sep,     4
2010,     Oct,     5
2010,     Nov,     0
2010,     Dec,     0
2011,     Jan,     0
2011,     Feb,     0
2011,     Mar,     0
2011,     Apr,     0
2011,     May,     0
2011,     Jun,     0
2011,     Jul,     0
2011,     Aug,     1
2011,     Sep,     4
2011,     Oct,     1
2011,     Nov,     0
2011,     Dec,     0
2012,     Jan,     0
2012,     Feb,     0
2012,     Mar,     0
2012,     Apr,     0
2012,     May,     0
2012,     Jun,     1
2012,     Jul,     0
2012,     Aug,     5
2012,     Sep,     2
2012,     Oct,     2
2012,     Nov,     0
2012,     Dec,     0
2013,     Jan,     0
2013,     Feb,     0
2013,     Mar,     0
2013,     Apr,     0
2013,     May,     0
2013,     Jun,     0
2013,     Jul,     0
2013,     Aug,     0
2013,     Sep,     1
2013,     Oct,     0
2013,     Nov,     0
2013,     Dec,     0
2014,     Jan,     0
2014,     Feb,     0
2014,     Mar,     0
2014,     Apr,     0
2014,     May,     0
2014,     Jun,     1
2014,     Jul,     1
2014,     Aug,     1
2014,     Sep,     1
2014,     Oct,     2
2014,     Nov,     0
2014,     Dec,     0
2015,     Jan,     0
2015,     Feb,     0
2015,     Mar,     0
2015,     Apr,     0
2015,     May,     0
2015,     Jun,     0
2015,     Jul,     0
2015,     Aug,     1
2015,     Sep,     1
2015,     Oct,     0
2015,     Nov,     1
2015,     Dec,     0
2016,     Jan,     1
2016,     Feb,     0
2016,     Mar,     0
2016,     Apr,     0
2016,     May,     0
2016,     Jun,     0
2016,     Jul,     0
2016,     Aug,     3
2016,     Sep,     1
2016,     Oct,     1
2016,     Nov,     1
2016,     Dec,     0
2017,     Jan,     0
2017,     Feb,     0
2017,     Mar,     0
2017,     Apr,     0
2017,     May,     0
2017,     Jun,     0
2017,     Jul,     0
2017,     Aug,     3
2017,     Sep,     4
2017,     Oct,     2
2017,     Nov,     0
2017,     Dec,     0
2018,     Jan,     0
2018,     Feb,     0
2018,     Mar,     0
2018,     Apr,     0
2018,     May,     0
2018,     Jun,     0
2018,     Jul,     1
2018,     Aug,     1
2018,     Sep,     3
2018,     Oct,     2
2018,     Nov,     0
2018,     Dec,     0
2019,     Jan,     0
2019,     Feb,     0
2019,     Mar,     0
2019,     Apr,     0
2019,     May,     0
2019,     Jun,     0
2019,     Jul,     1
2019,     Aug,     1
2019,     Sep,     3
2019,     Oct,     1
2019,     Nov,     0
2019,     Dec,     0
2020,     Jan,     0
2020,     Feb,     0
2020,     Mar,     0
2020,     Apr,     0
2020,     May,     0
2020,     Jun,     0
2020,     Jul,     1
2020,     Aug,     2
2020,     Sep,     4
2020,     Oct,     5
2020,     Nov,     1
2020,     Dec,     0
2021,     Jan,     0
2021,     Feb,     0
2021,     Mar,     0
2021,     Apr,     0
2021,     May,     0
2021,     Jun,     1
2021,     Jul,     0
2021,     Aug,     4
2021,     Sep,     2
2021,     Oct,     0
2021,     Nov,     0
2021,     Dec,     0
